Workbook
Name METAS: #REF!
Name REALIZADOS: #REF!
Name SegmentaçãodeDados_AGV: #N/A
Name SegmentaçãodeDados_MÊS: #N/A

Sheet Mecânica
C64: Disponível | D64: Pago | E64: %
B65: GERENTE | C65: 6000 | D65: 0 | E65: =IFERROR(D65/C65,) -> 0
B66: CONSULTOR FERRERO | C66: 6000 | D66: 0 | E66: =IFERROR(D66/C66,) -> 0
B67: SUPERVISOR | C67: 10000 | D67: 0 | E67: =IFERROR(D67/C67,) -> 0
B68: VENDEDORES | C68: 18000 | D68: 0 | E68: =IFERROR(D68/C68,) -> 0
B69: MERCHANDISING EXTERNO | C69: 2000 | D69: 0 | E69: =IFERROR(D69/C69,) -> 0
B70: TOTAL | C70: =SUM(C65:C69) -> 42000 | D70: =SUM(D65:D69) -> 0 | E70: =IFERROR(D70/C70,) -> 0

Sheet B-METAS & REALIZADOS
I3: KINDER KIDS | K3: NUTELLA | M3: PRALINAS | O3: PSNACKS | Q3: TIC TAC
B4: MÊS | C4: SUPERVISOR | D4: CÓD ÁREA | E4: AGV | F4: ÁREA | G4: META TOTAL | H4: REL TOTAL | I4: META KINDER | J4: KINDER KIDS | K4: META NUT | L4: NUTELLA | M4: META PRA | N4: PRALINAS | O4: META PSNA | P4: PSNACKS | Q4: META TIC | R4: TIC TAC | S4: META TABLETES | T4: TABLETES
B5: MAIO | C5: DJOW ARLISON MOSER VIEIRA | D5: 3946 | E5: ELTON NASCIMENTO TAMIAO | F5: =_xlfn.XLOOKUP(Tabela1[[#This Row],[CÓD ÁREA]],Tabela6[CÓD],Tabela6[ÁREA],"-",0,1) -> EXE-FER-1 | G5: =SUM(Tabela1[[#This Row],[META KINDER]],Tabela1[[#This Row],[META NUT]],Tabela1[[#This Row],[META PRA]],Tabela1[[#This Row],[META PSNA]],Tabela1[[#This Row],[META TIC]],Tabela1[[#This Row],[META TABLETES]]) -> 821300 | H5: =SUM(Tabela1[[#This Row],[KINDER KIDS]],Tabela1[[#This Row],[NUTELLA]],Tabela1[[#This Row],[PRALINAS]],Tabela1[[#This Row],[PSNACKS]],Tabela1[[#This Row],[TIC TAC]],Tabela1[[#This Row],[TABLETES]]) -> 1161457.6 | I5: 84778 | J5: =SUMIFS(BASE!$L:$L,BASE!$O:$O,Tabela1[[#This Row],[CÓD ÁREA]],BASE!$M:$M,Tabela1[[#This Row],[MÊS]],BASE!$N:$N,Tabela1[[#Headers],[KINDER KIDS]]) -> 181281.78 | K5: 419928 | L5: =SUMIFS(BASE!$L:$L,BASE!$O:$O,Tabela1[[#This Row],[CÓD ÁREA]],BASE!$M:$M,Tabela1[[#This Row],[MÊS]],BASE!$N:$N,Tabela1[[#Headers],[NUTELLA]]) -> 310427.24 | M5: 150567 | N5: =SUMIFS(BASE!$L:$L,BASE!$O:$O,Tabela1[[#This Row],[CÓD ÁREA]],BASE!$M:$M,Tabela1[[#This Row],[MÊS]],BASE!$N:$N,Tabela1[[#Headers],[PRALINAS]]) -> 315031.27 | O5: 112719 | P5: =SUMIFS(BASE!$L:$L,BASE!$O:$O,Tabela1[[#This Row],[CÓD ÁREA]],BASE!$M:$M,Tabela1[[#This Row],[MÊS]],BASE!$N:$N,Tabela1[[#Headers],[PSNACKS]]) -> 225058 | Q5: 36744 | R5: =SUMIFS(BASE!$L:$L,BASE!$O:$O,Tabela1[[#This Row],[CÓD ÁREA]],BASE!$M:$M,Tabela1[[#This Row],[MÊS]],BASE!$N:$N,Tabela1[[#Headers],[TIC TAC]]) -> 101510.73 | S5: 16564 | T5: =SUMIFS(BASE!$L:$L,BASE!$O:$O,Tabela1[[#This Row],[CÓD ÁREA]],BASE!$M:$M,Tabela1[[#This Row],[MÊS]],BASE!$N:$N,Tabela1[[#Headers],[TABLETES]]) -> 28148.56
B6: MAIO | C6: DJOW ARLISON MOSER VIEIRA | D6: 3962 | E6: Z -ÁREA SEM VENDEDOR | F6: =_xlfn.XLOOKUP(Tabela1[[#This Row],[CÓD ÁREA]],Tabela6[CÓD],Tabela6[ÁREA],"-",0,1) -> EXE-FER-2 | G6: =SUM(Tabela1[[#This Row],[META KINDER]],Tabela1[[#This Row],[META NUT]],Tabela1[[#This Row],[META PRA]],Tabela1[[#This Row],[META PSNA]],Tabela1[[#This Row],[META TIC]],Tabela1[[#This Row],[META TABLETES]]) -> 600000 | H6: =SUM(Tabela1[[#This Row],[KINDER KIDS]],Tabela1[[#This Row],[NUTELLA]],Tabela1[[#This Row],[PRALINAS]],Tabela1[[#This Row],[PSNACKS]],Tabela1[[#This Row],[TIC TAC]],Tabela1[[#This Row],[TABLETES]]) -> 335344.74 | I6: 61935 | J6: =SUMIFS(BASE!$L:$L,BASE!$O:$O,Tabela1[[#This Row],[CÓD ÁREA]],BASE!$M:$M,Tabela1[[#This Row],[MÊS]],BASE!$N:$N,Tabela1[[#Headers],[KINDER KIDS]]) -> 37854.25 | K6: 306778 | L6: =SUMIFS(BASE!$L:$L,BASE!$O:$O,Tabela1[[#This Row],[CÓD ÁREA]],BASE!$M:$M,Tabela1[[#This Row],[MÊS]],BASE!$N:$N,Tabela1[[#Headers],[NUTELLA]]) -> 125313.87 | M6: 109997 | N6: =SUMIFS(BASE!$L:$L,BASE!$O:$O,Tabela1[[#This Row],[CÓD ÁREA]],BASE!$M:$M,Tabela1[[#This Row],[MÊS]],BASE!$N:$N,Tabela1[[#Headers],[PRALINAS]]) -> 62853.53 | O6: 82346 | P6: =SUMIFS(BASE!$L:$L,BASE!$O:$O,Tabela1[[#This Row],[CÓD ÁREA]],BASE!$M:$M,Tabela1[[#This Row],[MÊS]],BASE!$N:$N,Tabela1[[#Headers],[PSNACKS]]) -> 65772.21 | Q6: 26843 | R6: =SUMIFS(BASE!$L:$L,BASE!$O:$O,Tabela1[[#This Row],[CÓD ÁREA]],BASE!$M:$M,Tabela1[[#This Row],[MÊS]],BASE!$N:$N,Tabela1[[#Headers],[TIC TAC]]) -> 37390.3 | S6: 12101 | T6: =SUMIFS(BASE!$L:$L,BASE!$O:$O,Tabela1[[#This Row],[CÓD ÁREA]],BASE!$M:$M,Tabela1[[#This Row],[MÊS]],BASE!$N:$N,Tabela1[[#Headers],[TABLETES]]) -> 6160.58
B7: MAIO | C7: DJOW ARLISON MOSER VIEIRA | D7: 3984 | E7: MAURO SERGIO ROVARIS JUNIOR | F7: =_xlfn.XLOOKUP(Tabela1[[#This Row],[CÓD ÁREA]],Tabela6[CÓD],Tabela6[ÁREA],"-",0,1) -> EXE-FER-4 | G7: =SUM(Tabela1[[#This Row],[META KINDER]],Tabela1[[#This Row],[META NUT]],Tabela1[[#This Row],[META PRA]],Tabela1[[#This Row],[META PSNA]],Tabela1[[#This Row],[META TIC]],Tabela1[[#This Row],[META TABLETES]]) -> 380000 | H7: =SUM(Tabela1[[#This Row],[KINDER KIDS]],Tabela1[[#This Row],[NUTELLA]],Tabela1[[#This Row],[PRALINAS]],Tabela1[[#This Row],[PSNACKS]],Tabela1[[#This Row],[TIC TAC]],Tabela1[[#This Row],[TABLETES]]) -> 180208.37 | I7: 39226 | J7: =SUMIFS(BASE!$L:$L,BASE!$O:$O,Tabela1[[#This Row],[CÓD ÁREA]],BASE!$M:$M,Tabela1[[#This Row],[MÊS]],BASE!$N:$N,Tabela1[[#Headers],[KINDER KIDS]]) -> 23809.52 | K7: 194293 | L7: =SUMIFS(BASE!$L:$L,BASE!$O:$O,Tabela1[[#This Row],[CÓD ÁREA]],BASE!$M:$M,Tabela1[[#This Row],[MÊS]],BASE!$N:$N,Tabela1[[#Headers],[NUTELLA]]) -> 70204.9 | M7: 69665 | N7: =SUMIFS(BASE!$L:$L,BASE!$O:$O,Tabela1[[#This Row],[CÓD ÁREA]],BASE!$M:$M,Tabela1[[#This Row],[MÊS]],BASE!$N:$N,Tabela1[[#Headers],[PRALINAS]]) -> 21264.14 | O7: 52152 | P7: =SUMIFS(BASE!$L:$L,BASE!$O:$O,Tabela1[[#This Row],[CÓD ÁREA]],BASE!$M:$M,Tabela1[[#This Row],[MÊS]],BASE!$N:$N,Tabela1[[#Headers],[PSNACKS]]) -> 48297.14 | Q7: 17001 | R7: =SUMIFS(BASE!$L:$L,BASE!$O:$O,Tabela1[[#This Row],[CÓD ÁREA]],BASE!$M:$M,Tabela1[[#This Row],[MÊS]],BASE!$N:$N,Tabela1[[#Headers],[TIC TAC]]) -> 11477.32 | S7: 7663 | T7: =SUMIFS(BASE!$L:$L,BASE!$O:$O,Tabela1[[#This Row],[CÓD ÁREA]],BASE!$M:$M,Tabela1[[#This Row],[MÊS]],BASE!$N:$N,Tabela1[[#Headers],[TABLETES]]) -> 5155.35
B8: MAIO | C8: DJOW ARLISON MOSER VIEIRA | D8: 3983 | E8: ANDERSON ROGERIO DA SILVA | F8: =_xlfn.XLOOKUP(Tabela1[[#This Row],[CÓD ÁREA]],Tabela6[CÓD],Tabela6[ÁREA],"-",0,1) -> EXE-FER-3 | G8: =SUM(Tabela1[[#This Row],[META KINDER]],Tabela1[[#This Row],[META NUT]],Tabela1[[#This Row],[META PRA]],Tabela1[[#This Row],[META PSNA]],Tabela1[[#This Row],[META TIC]],Tabela1[[#This Row],[META TABLETES]]) -> 114700 | H8: =SUM(Tabela1[[#This Row],[KINDER KIDS]],Tabela1[[#This Row],[NUTELLA]],Tabela1[[#This Row],[PRALINAS]],Tabela1[[#This Row],[PSNACKS]],Tabela1[[#This Row],[TIC TAC]],Tabela1[[#This Row],[TABLETES]]) -> 181888.06 | I8: 11841 | J8: =SUMIFS(BASE!$L:$L,BASE!$O:$O,Tabela1[[#This Row],[CÓD ÁREA]],BASE!$M:$M,Tabela1[[#This Row],[MÊS]],BASE!$N:$N,Tabela1[[#Headers],[KINDER KIDS]]) -> 43724.78 | K8: 58645 | L8: =SUMIFS(BASE!$L:$L,BASE!$O:$O,Tabela1[[#This Row],[CÓD ÁREA]],BASE!$M:$M,Tabela1[[#This Row],[MÊS]],BASE!$N:$N,Tabela1[[#Headers],[NUTELLA]]) -> 36984.96 | M8: 21027 | N8: =SUMIFS(BASE!$L:$L,BASE!$O:$O,Tabela1[[#This Row],[CÓD ÁREA]],BASE!$M:$M,Tabela1[[#This Row],[MÊS]],BASE!$N:$N,Tabela1[[#Headers],[PRALINAS]]) -> 21904.73 | O8: 15742 | P8: =SUMIFS(BASE!$L:$L,BASE!$O:$O,Tabela1[[#This Row],[CÓD ÁREA]],BASE!$M:$M,Tabela1[[#This Row],[MÊS]],BASE!$N:$N,Tabela1[[#Headers],[PSNACKS]]) -> 51772.17 | Q8: 5132 | R8: =SUMIFS(BASE!$L:$L,BASE!$O:$O,Tabela1[[#This Row],[CÓD ÁREA]],BASE!$M:$M,Tabela1[[#This Row],[MÊS]],BASE!$N:$N,Tabela1[[#Headers],[TIC TAC]]) -> 19509.96 | S8: 2313 | T8: =SUMIFS(BASE!$L:$L,BASE!$O:$O,Tabela1[[#This Row],[CÓD ÁREA]],BASE!$M:$M,Tabela1[[#This Row],[MÊS]],BASE!$N:$N,Tabela1[[#Headers],[TABLETES]]) -> 7991.46
B9: MAIO | C9: DJOW ARLISON MOSER VIEIRA | D9: 4092 | E9: Z -ÁREA SEM VENDEDOR | F9: =_xlfn.XLOOKUP(Tabela1[[#This Row],[CÓD ÁREA]],Tabela6[CÓD],Tabela6[ÁREA],"-",0,1) -> EXE-FER-5 | G9: =SUM(Tabela1[[#This Row],[META KINDER]],Tabela1[[#This Row],[META NUT]],Tabela1[[#This Row],[META PRA]],Tabela1[[#This Row],[META PSNA]],Tabela1[[#This Row],[META TIC]],Tabela1[[#This Row],[META TABLETES]]) -> 0 | H9: =SUM(Tabela1[[#This Row],[KINDER KIDS]],Tabela1[[#This Row],[NUTELLA]],Tabela1[[#This Row],[PRALINAS]],Tabela1[[#This Row],[PSNACKS]],Tabela1[[#This Row],[TIC TAC]],Tabela1[[#This Row],[TABLETES]]) -> 0 | J9: =SUMIFS(BASE!$L:$L,BASE!$O:$O,Tabela1[[#This Row],[CÓD ÁREA]],BASE!$M:$M,Tabela1[[#This Row],[MÊS]],BASE!$N:$N,Tabela1[[#Headers],[KINDER KIDS]]) -> 0 | L9: =SUMIFS(BASE!$L:$L,BASE!$O:$O,Tabela1[[#This Row],[CÓD ÁREA]],BASE!$M:$M,Tabela1[[#This Row],[MÊS]],BASE!$N:$N,Tabela1[[#Headers],[NUTELLA]]) -> 0 | N9: =SUMIFS(BASE!$L:$L,BASE!$O:$O,Tabela1[[#This Row],[CÓD ÁREA]],BASE!$M:$M,Tabela1[[#This Row],[MÊS]],BASE!$N:$N,Tabela1[[#Headers],[PRALINAS]]) -> 0 | P9: =SUMIFS(BASE!$L:$L,BASE!$O:$O,Tabela1[[#This Row],[CÓD ÁREA]],BASE!$M:$M,Tabela1[[#This Row],[MÊS]],BASE!$N:$N,Tabela1[[#Headers],[PSNACKS]]) -> 0 | R9: =SUMIFS(BASE!$L:$L,BASE!$O:$O,Tabela1[[#This Row],[CÓD ÁREA]],BASE!$M:$M,Tabela1[[#This Row],[MÊS]],BASE!$N:$N,Tabela1[[#Headers],[TIC TAC]]) -> 0 | T9: =SUMIFS(BASE!$L:$L,BASE!$O:$O,Tabela1[[#This Row],[CÓD ÁREA]],BASE!$M:$M,Tabela1[[#This Row],[MÊS]],BASE!$N:$N,Tabela1[[#Headers],[TABLETES]]) -> 0
B10: JUNHO | C10: DJOW ARLISON MOSER VIEIRA | D10: 3946 | E10: ELTON NASCIMENTO TAMIAO | F10: =_xlfn.XLOOKUP(Tabela1[[#This Row],[CÓD ÁREA]],Tabela6[CÓD],Tabela6[ÁREA],"-",0,1) -> EXE-FER-1 | G10: =SUM(Tabela1[[#This Row],[META KINDER]],Tabela1[[#This Row],[META NUT]],Tabela1[[#This Row],[META PRA]],Tabela1[[#This Row],[META PSNA]],Tabela1[[#This Row],[META TIC]],Tabela1[[#This Row],[META TABLETES]]) -> 0 | H10: =SUM(Tabela1[[#This Row],[KINDER KIDS]],Tabela1[[#This Row],[NUTELLA]],Tabela1[[#This Row],[PRALINAS]],Tabela1[[#This Row],[PSNACKS]],Tabela1[[#This Row],[TIC TAC]],Tabela1[[#This Row],[TABLETES]]) -> -11739.03 | J10: =SUMIFS(BASE!$L:$L,BASE!$O:$O,Tabela1[[#This Row],[CÓD ÁREA]],BASE!$M:$M,Tabela1[[#This Row],[MÊS]],BASE!$N:$N,Tabela1[[#Headers],[KINDER KIDS]]) -> -3105.92 | L10: =SUMIFS(BASE!$L:$L,BASE!$O:$O,Tabela1[[#This Row],[CÓD ÁREA]],BASE!$M:$M,Tabela1[[#This Row],[MÊS]],BASE!$N:$N,Tabela1[[#Headers],[NUTELLA]]) -> -163.59 | N10: =SUMIFS(BASE!$L:$L,BASE!$O:$O,Tabela1[[#This Row],[CÓD ÁREA]],BASE!$M:$M,Tabela1[[#This Row],[MÊS]],BASE!$N:$N,Tabela1[[#Headers],[PRALINAS]]) -> -3953.93 | P10: =SUMIFS(BASE!$L:$L,BASE!$O:$O,Tabela1[[#This Row],[CÓD ÁREA]],BASE!$M:$M,Tabela1[[#This Row],[MÊS]],BASE!$N:$N,Tabela1[[#Headers],[PSNACKS]]) -> -2676.99 | R10: =SUMIFS(BASE!$L:$L,BASE!$O:$O,Tabela1[[#This Row],[CÓD ÁREA]],BASE!$M:$M,Tabela1[[#This Row],[MÊS]],BASE!$N:$N,Tabela1[[#Headers],[TIC TAC]]) -> -1261.19 | T10: =SUMIFS(BASE!$L:$L,BASE!$O:$O,Tabela1[[#This Row],[CÓD ÁREA]],BASE!$M:$M,Tabela1[[#This Row],[MÊS]],BASE!$N:$N,Tabela1[[#Headers],[TABLETES]]) -> -577.41
B11: JUNHO | C11: DJOW ARLISON MOSER VIEIRA | D11: 3962 | E11: Z -ÁREA SEM VENDEDOR | F11: =_xlfn.XLOOKUP(Tabela1[[#This Row],[CÓD ÁREA]],Tabela6[CÓD],Tabela6[ÁREA],"-",0,1) -> EXE-FER-2 | G11: =SUM(Tabela1[[#This Row],[META KINDER]],Tabela1[[#This Row],[META NUT]],Tabela1[[#This Row],[META PRA]],Tabela1[[#This Row],[META PSNA]],Tabela1[[#This Row],[META TIC]],Tabela1[[#This Row],[META TABLETES]]) -> 0 | H11: =SUM(Tabela1[[#This Row],[KINDER KIDS]],Tabela1[[#This Row],[NUTELLA]],Tabela1[[#This Row],[PRALINAS]],Tabela1[[#This Row],[PSNACKS]],Tabela1[[#This Row],[TIC TAC]],Tabela1[[#This Row],[TABLETES]]) -> -13184.85 | J11: =SUMIFS(BASE!$L:$L,BASE!$O:$O,Tabela1[[#This Row],[CÓD ÁREA]],BASE!$M:$M,Tabela1[[#This Row],[MÊS]],BASE!$N:$N,Tabela1[[#Headers],[KINDER KIDS]]) -> -4175.29 | L11: =SUMIFS(BASE!$L:$L,BASE!$O:$O,Tabela1[[#This Row],[CÓD ÁREA]],BASE!$M:$M,Tabela1[[#This Row],[MÊS]],BASE!$N:$N,Tabela1[[#Headers],[NUTELLA]]) -> -7.29 | N11: =SUMIFS(BASE!$L:$L,BASE!$O:$O,Tabela1[[#This Row],[CÓD ÁREA]],BASE!$M:$M,Tabela1[[#This Row],[MÊS]],BASE!$N:$N,Tabela1[[#Headers],[PRALINAS]]) -> -4818.65 | P11: =SUMIFS(BASE!$L:$L,BASE!$O:$O,Tabela1[[#This Row],[CÓD ÁREA]],BASE!$M:$M,Tabela1[[#This Row],[MÊS]],BASE!$N:$N,Tabela1[[#Headers],[PSNACKS]]) -> -1147.5 | R11: =SUMIFS(BASE!$L:$L,BASE!$O:$O,Tabela1[[#This Row],[CÓD ÁREA]],BASE!$M:$M,Tabela1[[#This Row],[MÊS]],BASE!$N:$N,Tabela1[[#Headers],[TIC TAC]]) -> -2565.62 | T11: =SUMIFS(BASE!$L:$L,BASE!$O:$O,Tabela1[[#This Row],[CÓD ÁREA]],BASE!$M:$M,Tabela1[[#This Row],[MÊS]],BASE!$N:$N,Tabela1[[#Headers],[TABLETES]]) -> -470.5
B12: JUNHO | C12: DJOW ARLISON MOSER VIEIRA | D12: 3984 | E12: MAURO SERGIO ROVARIS JUNIOR | F12: =_xlfn.XLOOKUP(Tabela1[[#This Row],[CÓD ÁREA]],Tabela6[CÓD],Tabela6[ÁREA],"-",0,1) -> EXE-FER-4 | G12: =SUM(Tabela1[[#This Row],[META KINDER]],Tabela1[[#This Row],[META NUT]],Tabela1[[#This Row],[META PRA]],Tabela1[[#This Row],[META PSNA]],Tabela1[[#This Row],[META TIC]],Tabela1[[#This Row],[META TABLETES]]) -> 0 | H12: =SUM(Tabela1[[#This Row],[KINDER KIDS]],Tabela1[[#This Row],[NUTELLA]],Tabela1[[#This Row],[PRALINAS]],Tabela1[[#This Row],[PSNACKS]],Tabela1[[#This Row],[TIC TAC]],Tabela1[[#This Row],[TABLETES]]) -> -315.48 | J12: =SUMIFS(BASE!$L:$L,BASE!$O:$O,Tabela1[[#This Row],[CÓD ÁREA]],BASE!$M:$M,Tabela1[[#This Row],[MÊS]],BASE!$N:$N,Tabela1[[#Headers],[KINDER KIDS]]) -> -310.82 | L12: =SUMIFS(BASE!$L:$L,BASE!$O:$O,Tabela1[[#This Row],[CÓD ÁREA]],BASE!$M:$M,Tabela1[[#This Row],[MÊS]],BASE!$N:$N,Tabela1[[#Headers],[NUTELLA]]) -> 0 | N12: =SUMIFS(BASE!$L:$L,BASE!$O:$O,Tabela1[[#This Row],[CÓD ÁREA]],BASE!$M:$M,Tabela1[[#This Row],[MÊS]],BASE!$N:$N,Tabela1[[#Headers],[PRALINAS]]) -> 0 | P12: =SUMIFS(BASE!$L:$L,BASE!$O:$O,Tabela1[[#This Row],[CÓD ÁREA]],BASE!$M:$M,Tabela1[[#This Row],[MÊS]],BASE!$N:$N,Tabela1[[#Headers],[PSNACKS]]) -> -4.66 | R12: =SUMIFS(BASE!$L:$L,BASE!$O:$O,Tabela1[[#This Row],[CÓD ÁREA]],BASE!$M:$M,Tabela1[[#This Row],[MÊS]],BASE!$N:$N,Tabela1[[#Headers],[TIC TAC]]) -> 0 | T12: =SUMIFS(BASE!$L:$L,BASE!$O:$O,Tabela1[[#This Row],[CÓD ÁREA]],BASE!$M:$M,Tabela1[[#This Row],[MÊS]],BASE!$N:$N,Tabela1[[#Headers],[TABLETES]]) -> 0
B13: JUNHO | C13: DJOW ARLISON MOSER VIEIRA | D13: 3983 | E13: ANDERSON ROGERIO DA SILVA | F13: =_xlfn.XLOOKUP(Tabela1[[#This Row],[CÓD ÁREA]],Tabela6[CÓD],Tabela6[ÁREA],"-",0,1) -> EXE-FER-3 | G13: =SUM(Tabela1[[#This Row],[META KINDER]],Tabela1[[#This Row],[META NUT]],Tabela1[[#This Row],[META PRA]],Tabela1[[#This Row],[META PSNA]],Tabela1[[#This Row],[META TIC]],Tabela1[[#This Row],[META TABLETES]]) -> 0 | H13: =SUM(Tabela1[[#This Row],[KINDER KIDS]],Tabela1[[#This Row],[NUTELLA]],Tabela1[[#This Row],[PRALINAS]],Tabela1[[#This Row],[PSNACKS]],Tabela1[[#This Row],[TIC TAC]],Tabela1[[#This Row],[TABLETES]]) -> -3174.22 | J13: =SUMIFS(BASE!$L:$L,BASE!$O:$O,Tabela1[[#This Row],[CÓD ÁREA]],BASE!$M:$M,Tabela1[[#This Row],[MÊS]],BASE!$N:$N,Tabela1[[#Headers],[KINDER KIDS]]) -> -1113.93 | L13: =SUMIFS(BASE!$L:$L,BASE!$O:$O,Tabela1[[#This Row],[CÓD ÁREA]],BASE!$M:$M,Tabela1[[#This Row],[MÊS]],BASE!$N:$N,Tabela1[[#Headers],[NUTELLA]]) -> 0 | N13: =SUMIFS(BASE!$L:$L,BASE!$O:$O,Tabela1[[#This Row],[CÓD ÁREA]],BASE!$M:$M,Tabela1[[#This Row],[MÊS]],BASE!$N:$N,Tabela1[[#Headers],[PRALINAS]]) -> 0 | P13: =SUMIFS(BASE!$L:$L,BASE!$O:$O,Tabela1[[#This Row],[CÓD ÁREA]],BASE!$M:$M,Tabela1[[#This Row],[MÊS]],BASE!$N:$N,Tabela1[[#Headers],[PSNACKS]]) -> -790.17 | R13: =SUMIFS(BASE!$L:$L,BASE!$O:$O,Tabela1[[#This Row],[CÓD ÁREA]],BASE!$M:$M,Tabela1[[#This Row],[MÊS]],BASE!$N:$N,Tabela1[[#Headers],[TIC TAC]]) -> -1270.12 | T13: =SUMIFS(BASE!$L:$L,BASE!$O:$O,Tabela1[[#This Row],[CÓD ÁREA]],BASE!$M:$M,Tabela1[[#This Row],[MÊS]],BASE!$N:$N,Tabela1[[#Headers],[TABLETES]]) -> 0
B14: JUNHO | C14: DJOW ARLISON MOSER VIEIRA | D14: 4092 | E14: Z -ÁREA SEM VENDEDOR | F14: =_xlfn.XLOOKUP(Tabela1[[#This Row],[CÓD ÁREA]],Tabela6[CÓD],Tabela6[ÁREA],"-",0,1) -> EXE-FER-5 | G14: =SUM(Tabela1[[#This Row],[META KINDER]],Tabela1[[#This Row],[META NUT]],Tabela1[[#This Row],[META PRA]],Tabela1[[#This Row],[META PSNA]],Tabela1[[#This Row],[META TIC]],Tabela1[[#This Row],[META TABLETES]]) -> 0 | H14: =SUM(Tabela1[[#This Row],[KINDER KIDS]],Tabela1[[#This Row],[NUTELLA]],Tabela1[[#This Row],[PRALINAS]],Tabela1[[#This Row],[PSNACKS]],Tabela1[[#This Row],[TIC TAC]],Tabela1[[#This Row],[TABLETES]]) -> 0 | J14: =SUMIFS(BASE!$L:$L,BASE!$O:$O,Tabela1[[#This Row],[CÓD ÁREA]],BASE!$M:$M,Tabela1[[#This Row],[MÊS]],BASE!$N:$N,Tabela1[[#Headers],[KINDER KIDS]]) -> 0 | L14: =SUMIFS(BASE!$L:$L,BASE!$O:$O,Tabela1[[#This Row],[CÓD ÁREA]],BASE!$M:$M,Tabela1[[#This Row],[MÊS]],BASE!$N:$N,Tabela1[[#Headers],[NUTELLA]]) -> 0 | N14: =SUMIFS(BASE!$L:$L,BASE!$O:$O,Tabela1[[#This Row],[CÓD ÁREA]],BASE!$M:$M,Tabela1[[#This Row],[MÊS]],BASE!$N:$N,Tabela1[[#Headers],[PRALINAS]]) -> 0 | P14: =SUMIFS(BASE!$L:$L,BASE!$O:$O,Tabela1[[#This Row],[CÓD ÁREA]],BASE!$M:$M,Tabela1[[#This Row],[MÊS]],BASE!$N:$N,Tabela1[[#Headers],[PSNACKS]]) -> 0 | R14: =SUMIFS(BASE!$L:$L,BASE!$O:$O,Tabela1[[#This Row],[CÓD ÁREA]],BASE!$M:$M,Tabela1[[#This Row],[MÊS]],BASE!$N:$N,Tabela1[[#Headers],[TIC TAC]]) -> 0 | T14: =SUMIFS(BASE!$L:$L,BASE!$O:$O,Tabela1[[#This Row],[CÓD ÁREA]],BASE!$M:$M,Tabela1[[#This Row],[MÊS]],BASE!$N:$N,Tabela1[[#Headers],[TABLETES]]) -> 0
B15: JULHO | C15: DJOW ARLISON MOSER VIEIRA | D15: 3946 | E15: ELTON NASCIMENTO TAMIAO | F15: =_xlfn.XLOOKUP(Tabela1[[#This Row],[CÓD ÁREA]],Tabela6[CÓD],Tabela6[ÁREA],"-",0,1) -> EXE-FER-1 | G15: =SUM(Tabela1[[#This Row],[META KINDER]],Tabela1[[#This Row],[META NUT]],Tabela1[[#This Row],[META PRA]],Tabela1[[#This Row],[META PSNA]],Tabela1[[#This Row],[META TIC]],Tabela1[[#This Row],[META TABLETES]]) -> 0 | H15: =SUM(Tabela1[[#This Row],[KINDER KIDS]],Tabela1[[#This Row],[NUTELLA]],Tabela1[[#This Row],[PRALINAS]],Tabela1[[#This Row],[PSNACKS]],Tabela1[[#This Row],[TIC TAC]],Tabela1[[#This Row],[TABLETES]]) -> 0 | J15: =SUMIFS(BASE!$L:$L,BASE!$O:$O,Tabela1[[#This Row],[CÓD ÁREA]],BASE!$M:$M,Tabela1[[#This Row],[MÊS]],BASE!$N:$N,Tabela1[[#Headers],[KINDER KIDS]]) -> 0 | L15: =SUMIFS(BASE!$L:$L,BASE!$O:$O,Tabela1[[#This Row],[CÓD ÁREA]],BASE!$M:$M,Tabela1[[#This Row],[MÊS]],BASE!$N:$N,Tabela1[[#Headers],[NUTELLA]]) -> 0 | N15: =SUMIFS(BASE!$L:$L,BASE!$O:$O,Tabela1[[#This Row],[CÓD ÁREA]],BASE!$M:$M,Tabela1[[#This Row],[MÊS]],BASE!$N:$N,Tabela1[[#Headers],[PRALINAS]]) -> 0 | P15: =SUMIFS(BASE!$L:$L,BASE!$O:$O,Tabela1[[#This Row],[CÓD ÁREA]],BASE!$M:$M,Tabela1[[#This Row],[MÊS]],BASE!$N:$N,Tabela1[[#Headers],[PSNACKS]]) -> 0 | R15: =SUMIFS(BASE!$L:$L,BASE!$O:$O,Tabela1[[#This Row],[CÓD ÁREA]],BASE!$M:$M,Tabela1[[#This Row],[MÊS]],BASE!$N:$N,Tabela1[[#Headers],[TIC TAC]]) -> 0 | T15: =SUMIFS(BASE!$L:$L,BASE!$O:$O,Tabela1[[#This Row],[CÓD ÁREA]],BASE!$M:$M,Tabela1[[#This Row],[MÊS]],BASE!$N:$N,Tabela1[[#Headers],[TABLETES]]) -> 0
B16: JULHO | C16: DJOW ARLISON MOSER VIEIRA | D16: 3962 | E16: Z -ÁREA SEM VENDEDOR | F16: =_xlfn.XLOOKUP(Tabela1[[#This Row],[CÓD ÁREA]],Tabela6[CÓD],Tabela6[ÁREA],"-",0,1) -> EXE-FER-2 | G16: =SUM(Tabela1[[#This Row],[META KINDER]],Tabela1[[#This Row],[META NUT]],Tabela1[[#This Row],[META PRA]],Tabela1[[#This Row],[META PSNA]],Tabela1[[#This Row],[META TIC]],Tabela1[[#This Row],[META TABLETES]]) -> 0 | H16: =SUM(Tabela1[[#This Row],[KINDER KIDS]],Tabela1[[#This Row],[NUTELLA]],Tabela1[[#This Row],[PRALINAS]],Tabela1[[#This Row],[PSNACKS]],Tabela1[[#This Row],[TIC TAC]],Tabela1[[#This Row],[TABLETES]]) -> 0 | J16: =SUMIFS(BASE!$L:$L,BASE!$O:$O,Tabela1[[#This Row],[CÓD ÁREA]],BASE!$M:$M,Tabela1[[#This Row],[MÊS]],BASE!$N:$N,Tabela1[[#Headers],[KINDER KIDS]]) -> 0 | L16: =SUMIFS(BASE!$L:$L,BASE!$O:$O,Tabela1[[#This Row],[CÓD ÁREA]],BASE!$M:$M,Tabela1[[#This Row],[MÊS]],BASE!$N:$N,Tabela1[[#Headers],[NUTELLA]]) -> 0 | N16: =SUMIFS(BASE!$L:$L,BASE!$O:$O,Tabela1[[#This Row],[CÓD ÁREA]],BASE!$M:$M,Tabela1[[#This Row],[MÊS]],BASE!$N:$N,Tabela1[[#Headers],[PRALINAS]]) -> 0 | P16: =SUMIFS(BASE!$L:$L,BASE!$O:$O,Tabela1[[#This Row],[CÓD ÁREA]],BASE!$M:$M,Tabela1[[#This Row],[MÊS]],BASE!$N:$N,Tabela1[[#Headers],[PSNACKS]]) -> 0 | R16: =SUMIFS(BASE!$L:$L,BASE!$O:$O,Tabela1[[#This Row],[CÓD ÁREA]],BASE!$M:$M,Tabela1[[#This Row],[MÊS]],BASE!$N:$N,Tabela1[[#Headers],[TIC TAC]]) -> 0 | T16: =SUMIFS(BASE!$L:$L,BASE!$O:$O,Tabela1[[#This Row],[CÓD ÁREA]],BASE!$M:$M,Tabela1[[#This Row],[MÊS]],BASE!$N:$N,Tabela1[[#Headers],[TABLETES]]) -> 0
B17: JULHO | C17: DJOW ARLISON MOSER VIEIRA | D17: 3984 | E17: MAURO SERGIO ROVARIS JUNIOR | F17: =_xlfn.XLOOKUP(Tabela1[[#This Row],[CÓD ÁREA]],Tabela6[CÓD],Tabela6[ÁREA],"-",0,1) -> EXE-FER-4 | G17: =SUM(Tabela1[[#This Row],[META KINDER]],Tabela1[[#This Row],[META NUT]],Tabela1[[#This Row],[META PRA]],Tabela1[[#This Row],[META PSNA]],Tabela1[[#This Row],[META TIC]],Tabela1[[#This Row],[META TABLETES]]) -> 0 | H17: =SUM(Tabela1[[#This Row],[KINDER KIDS]],Tabela1[[#This Row],[NUTELLA]],Tabela1[[#This Row],[PRALINAS]],Tabela1[[#This Row],[PSNACKS]],Tabela1[[#This Row],[TIC TAC]],Tabela1[[#This Row],[TABLETES]]) -> 0 | J17: =SUMIFS(BASE!$L:$L,BASE!$O:$O,Tabela1[[#This Row],[CÓD ÁREA]],BASE!$M:$M,Tabela1[[#This Row],[MÊS]],BASE!$N:$N,Tabela1[[#Headers],[KINDER KIDS]]) -> 0 | L17: =SUMIFS(BASE!$L:$L,BASE!$O:$O,Tabela1[[#This Row],[CÓD ÁREA]],BASE!$M:$M,Tabela1[[#This Row],[MÊS]],BASE!$N:$N,Tabela1[[#Headers],[NUTELLA]]) -> 0 | N17: =SUMIFS(BASE!$L:$L,BASE!$O:$O,Tabela1[[#This Row],[CÓD ÁREA]],BASE!$M:$M,Tabela1[[#This Row],[MÊS]],BASE!$N:$N,Tabela1[[#Headers],[PRALINAS]]) -> 0 | P17: =SUMIFS(BASE!$L:$L,BASE!$O:$O,Tabela1[[#This Row],[CÓD ÁREA]],BASE!$M:$M,Tabela1[[#This Row],[MÊS]],BASE!$N:$N,Tabela1[[#Headers],[PSNACKS]]) -> 0 | R17: =SUMIFS(BASE!$L:$L,BASE!$O:$O,Tabela1[[#This Row],[CÓD ÁREA]],BASE!$M:$M,Tabela1[[#This Row],[MÊS]],BASE!$N:$N,Tabela1[[#Headers],[TIC TAC]]) -> 0 | T17: =SUMIFS(BASE!$L:$L,BASE!$O:$O,Tabela1[[#This Row],[CÓD ÁREA]],BASE!$M:$M,Tabela1[[#This Row],[MÊS]],BASE!$N:$N,Tabela1[[#Headers],[TABLETES]]) -> 0
B18: JULHO | C18: DJOW ARLISON MOSER VIEIRA | D18: 3983 | E18: ANDERSON ROGERIO DA SILVA | F18: =_xlfn.XLOOKUP(Tabela1[[#This Row],[CÓD ÁREA]],Tabela6[CÓD],Tabela6[ÁREA],"-",0,1) -> EXE-FER-3 | G18: =SUM(Tabela1[[#This Row],[META KINDER]],Tabela1[[#This Row],[META NUT]],Tabela1[[#This Row],[META PRA]],Tabela1[[#This Row],[META PSNA]],Tabela1[[#This Row],[META TIC]],Tabela1[[#This Row],[META TABLETES]]) -> 0 | H18: =SUM(Tabela1[[#This Row],[KINDER KIDS]],Tabela1[[#This Row],[NUTELLA]],Tabela1[[#This Row],[PRALINAS]],Tabela1[[#This Row],[PSNACKS]],Tabela1[[#This Row],[TIC TAC]],Tabela1[[#This Row],[TABLETES]]) -> 0 | J18: =SUMIFS(BASE!$L:$L,BASE!$O:$O,Tabela1[[#This Row],[CÓD ÁREA]],BASE!$M:$M,Tabela1[[#This Row],[MÊS]],BASE!$N:$N,Tabela1[[#Headers],[KINDER KIDS]]) -> 0 | L18: =SUMIFS(BASE!$L:$L,BASE!$O:$O,Tabela1[[#This Row],[CÓD ÁREA]],BASE!$M:$M,Tabela1[[#This Row],[MÊS]],BASE!$N:$N,Tabela1[[#Headers],[NUTELLA]]) -> 0 | N18: =SUMIFS(BASE!$L:$L,BASE!$O:$O,Tabela1[[#This Row],[CÓD ÁREA]],BASE!$M:$M,Tabela1[[#This Row],[MÊS]],BASE!$N:$N,Tabela1[[#Headers],[PRALINAS]]) -> 0 | P18: =SUMIFS(BASE!$L:$L,BASE!$O:$O,Tabela1[[#This Row],[CÓD ÁREA]],BASE!$M:$M,Tabela1[[#This Row],[MÊS]],BASE!$N:$N,Tabela1[[#Headers],[PSNACKS]]) -> 0 | R18: =SUMIFS(BASE!$L:$L,BASE!$O:$O,Tabela1[[#This Row],[CÓD ÁREA]],BASE!$M:$M,Tabela1[[#This Row],[MÊS]],BASE!$N:$N,Tabela1[[#Headers],[TIC TAC]]) -> 0 | T18: =SUMIFS(BASE!$L:$L,BASE!$O:$O,Tabela1[[#This Row],[CÓD ÁREA]],BASE!$M:$M,Tabela1[[#This Row],[MÊS]],BASE!$N:$N,Tabela1[[#Headers],[TABLETES]]) -> 0
B19: JULHO | C19: DJOW ARLISON MOSER VIEIRA | D19: 4092 | E19: Z -ÁREA SEM VENDEDOR | F19: =_xlfn.XLOOKUP(Tabela1[[#This Row],[CÓD ÁREA]],Tabela6[CÓD],Tabela6[ÁREA],"-",0,1) -> EXE-FER-5 | G19: =SUM(Tabela1[[#This Row],[META KINDER]],Tabela1[[#This Row],[META NUT]],Tabela1[[#This Row],[META PRA]],Tabela1[[#This Row],[META PSNA]],Tabela1[[#This Row],[META TIC]],Tabela1[[#This Row],[META TABLETES]]) -> 0 | H19: =SUM(Tabela1[[#This Row],[KINDER KIDS]],Tabela1[[#This Row],[NUTELLA]],Tabela1[[#This Row],[PRALINAS]],Tabela1[[#This Row],[PSNACKS]],Tabela1[[#This Row],[TIC TAC]],Tabela1[[#This Row],[TABLETES]]) -> 0 | J19: =SUMIFS(BASE!$L:$L,BASE!$O:$O,Tabela1[[#This Row],[CÓD ÁREA]],BASE!$M:$M,Tabela1[[#This Row],[MÊS]],BASE!$N:$N,Tabela1[[#Headers],[KINDER KIDS]]) -> 0 | L19: =SUMIFS(BASE!$L:$L,BASE!$O:$O,Tabela1[[#This Row],[CÓD ÁREA]],BASE!$M:$M,Tabela1[[#This Row],[MÊS]],BASE!$N:$N,Tabela1[[#Headers],[NUTELLA]]) -> 0 | N19: =SUMIFS(BASE!$L:$L,BASE!$O:$O,Tabela1[[#This Row],[CÓD ÁREA]],BASE!$M:$M,Tabela1[[#This Row],[MÊS]],BASE!$N:$N,Tabela1[[#Headers],[PRALINAS]]) -> 0 | P19: =SUMIFS(BASE!$L:$L,BASE!$O:$O,Tabela1[[#This Row],[CÓD ÁREA]],BASE!$M:$M,Tabela1[[#This Row],[MÊS]],BASE!$N:$N,Tabela1[[#Headers],[PSNACKS]]) -> 0 | R19: =SUMIFS(BASE!$L:$L,BASE!$O:$O,Tabela1[[#This Row],[CÓD ÁREA]],BASE!$M:$M,Tabela1[[#This Row],[MÊS]],BASE!$N:$N,Tabela1[[#Headers],[TIC TAC]]) -> 0 | T19: =SUMIFS(BASE!$L:$L,BASE!$O:$O,Tabela1[[#This Row],[CÓD ÁREA]],BASE!$M:$M,Tabela1[[#This Row],[MÊS]],BASE!$N:$N,Tabela1[[#Headers],[TABLETES]]) -> 0
B20: AGOSTO | C20: DJOW ARLISON MOSER VIEIRA | D20: 3946 | E20: ELTON NASCIMENTO TAMIAO | F20: =_xlfn.XLOOKUP(Tabela1[[#This Row],[CÓD ÁREA]],Tabela6[CÓD],Tabela6[ÁREA],"-",0,1) -> EXE-FER-1 | G20: =SUM(Tabela1[[#This Row],[META KINDER]],Tabela1[[#This Row],[META NUT]],Tabela1[[#This Row],[META PRA]],Tabela1[[#This Row],[META PSNA]],Tabela1[[#This Row],[META TIC]],Tabela1[[#This Row],[META TABLETES]]) -> 0 | H20: =SUM(Tabela1[[#This Row],[KINDER KIDS]],Tabela1[[#This Row],[NUTELLA]],Tabela1[[#This Row],[PRALINAS]],Tabela1[[#This Row],[PSNACKS]],Tabela1[[#This Row],[TIC TAC]],Tabela1[[#This Row],[TABLETES]]) -> 0 | J20: =SUMIFS(BASE!$L:$L,BASE!$O:$O,Tabela1[[#This Row],[CÓD ÁREA]],BASE!$M:$M,Tabela1[[#This Row],[MÊS]],BASE!$N:$N,Tabela1[[#Headers],[KINDER KIDS]]) -> 0 | L20: =SUMIFS(BASE!$L:$L,BASE!$O:$O,Tabela1[[#This Row],[CÓD ÁREA]],BASE!$M:$M,Tabela1[[#This Row],[MÊS]],BASE!$N:$N,Tabela1[[#Headers],[NUTELLA]]) -> 0 | N20: =SUMIFS(BASE!$L:$L,BASE!$O:$O,Tabela1[[#This Row],[CÓD ÁREA]],BASE!$M:$M,Tabela1[[#This Row],[MÊS]],BASE!$N:$N,Tabela1[[#Headers],[PRALINAS]]) -> 0 | P20: =SUMIFS(BASE!$L:$L,BASE!$O:$O,Tabela1[[#This Row],[CÓD ÁREA]],BASE!$M:$M,Tabela1[[#This Row],[MÊS]],BASE!$N:$N,Tabela1[[#Headers],[PSNACKS]]) -> 0 | R20: =SUMIFS(BASE!$L:$L,BASE!$O:$O,Tabela1[[#This Row],[CÓD ÁREA]],BASE!$M:$M,Tabela1[[#This Row],[MÊS]],BASE!$N:$N,Tabela1[[#Headers],[TIC TAC]]) -> 0 | T20: =SUMIFS(BASE!$L:$L,BASE!$O:$O,Tabela1[[#This Row],[CÓD ÁREA]],BASE!$M:$M,Tabela1[[#This Row],[MÊS]],BASE!$N:$N,Tabela1[[#Headers],[TABLETES]]) -> 0
... B24: AGOSTO | C24: DJOW ARLISON MOSER VIEIRA | D24: 4092 | E24: Z -ÁREA SEM VENDEDOR | F24: =_xlfn.XLOOKUP(Tabela1[[#This Row],[CÓD ÁREA]],Tabela6[CÓD],Tabela6[ÁREA],"-",0,1) -> EXE-FER-5 | G24: =SUM(Tabela1[[#This Row],[META KINDER]],Tabela1[[#This Row],[META NUT]],Tabela1[[#This Row],[META PRA]],Tabela1[[#This Row],[META PSNA]],Tabela1[[#This Row],[META TIC]],Tabela1[[#This Row],[META TABLETES]]) -> 0 | H24: =SUM(Tabela1[[#This Row],[KINDER KIDS]],Tabela1[[#This Row],[NUTELLA]],Tabela1[[#This Row],[PRALINAS]],Tabela1[[#This Row],[PSNACKS]],Tabela1[[#This Row],[TIC TAC]],Tabela1[[#This Row],[TABLETES]]) -> 0 | J24: =SUMIFS(BASE!$L:$L,BASE!$O:$O,Tabela1[[#This Row],[CÓD ÁREA]],BASE!$M:$M,Tabela1[[#This Row],[MÊS]],BASE!$N:$N,Tabela1[[#Headers],[KINDER KIDS]]) -> 0 | L24: =SUMIFS(BASE!$L:$L,BASE!$O:$O,Tabela1[[#This Row],[CÓD ÁREA]],BASE!$M:$M,Tabela1[[#This Row],[MÊS]],BASE!$N:$N,Tabela1[[#Headers],[NUTELLA]]) -> 0 | N24: =SUMIFS(BASE!$L:$L,BASE!$O:$O,Tabela1[[#This Row],[CÓD ÁREA]],BASE!$M:$M,Tabela1[[#This Row],[MÊS]],BASE!$N:$N,Tabela1[[#Headers],[PRALINAS]]) -> 0 | P24: =SUMIFS(BASE!$L:$L,BASE!$O:$O,Tabela1[[#This Row],[CÓD ÁREA]],BASE!$M:$M,Tabela1[[#This Row],[MÊS]],BASE!$N:$N,Tabela1[[#Headers],[PSNACKS]]) -> 0 | R24: =SUMIFS(BASE!$L:$L,BASE!$O:$O,Tabela1[[#This Row],[CÓD ÁREA]],BASE!$M:$M,Tabela1[[#This Row],[MÊS]],BASE!$N:$N,Tabela1[[#Headers],[TIC TAC]]) -> 0 | T24: =SUMIFS(BASE!$L:$L,BASE!$O:$O,Tabela1[[#This Row],[CÓD ÁREA]],BASE!$M:$M,Tabela1[[#This Row],[MÊS]],BASE!$N:$N,Tabela1[[#Headers],[TABLETES]]) -> 0
B25: MAIO | C25: GERAL MULLER | D25: OUTRAS EQUIPES | E25: Z - GERAL MULLER | F25: =_xlfn.XLOOKUP(Tabela1[[#This Row],[CÓD ÁREA]],Tabela6[CÓD],Tabela6[ÁREA],"-",0,1) -> - | G25: =SUM(Tabela1[[#This Row],[META KINDER]],Tabela1[[#This Row],[META NUT]],Tabela1[[#This Row],[META PRA]],Tabela1[[#This Row],[META PSNA]],Tabela1[[#This Row],[META TIC]],Tabela1[[#This Row],[META TABLETES]]) -> 7800000 | H25: =SUM(Tabela1[[#This Row],[KINDER KIDS]],Tabela1[[#This Row],[NUTELLA]],Tabela1[[#This Row],[PRALINAS]],Tabela1[[#This Row],[PSNACKS]],Tabela1[[#This Row],[TIC TAC]],Tabela1[[#This Row],[TABLETES]]) -> 8311737.2 | I25: =I$40 -> 805161 | J25: =SUMIFS(BASE!$L:$L,BASE!$M:$M,Tabela1[[#This Row],[MÊS]],BASE!$N:$N,Tabela1[[#Headers],[KINDER KIDS]]) -> 1678438 | K25: =K$40 -> 3988110 | L25: =SUMIFS(BASE!$L:$L,BASE!$M:$M,Tabela1[[#This Row],[MÊS]],BASE!$N:$N,Tabela1[[#Headers],[NUTELLA]]) -> 2510164.8 | M25: =M$40 -> 1429951 | N25: =SUMIFS(BASE!$L:$L,BASE!$M:$M,Tabela1[[#This Row],[MÊS]],BASE!$N:$N,Tabela1[[#Headers],[PRALINAS]]) -> 1983283.8 | O25: =O$40 -> 1070516 | P25: =SUMIFS(BASE!$L:$L,BASE!$M:$M,Tabela1[[#This Row],[MÊS]],BASE!$N:$N,Tabela1[[#Headers],[PSNACKS]]) -> 1559465.2 | Q25: =Q$40 -> 348961 | R25: =SUMIFS(BASE!$L:$L,BASE!$M:$M,Tabela1[[#This Row],[MÊS]],BASE!$N:$N,Tabela1[[#Headers],[TIC TAC]]) -> 446990.26 | S25: =S$40 -> 157301 | T25: =SUMIFS(BASE!$L:$L,BASE!$M:$M,Tabela1[[#This Row],[MÊS]],BASE!$N:$N,Tabela1[[#Headers],[TABLETES]]) -> 133395.12
B26: JUNHO | C26: GERAL MULLER | D26: OUTRAS EQUIPES | E26: Z - GERAL MULLER | F26: =_xlfn.XLOOKUP(Tabela1[[#This Row],[CÓD ÁREA]],Tabela6[CÓD],Tabela6[ÁREA],"-",0,1) -> - | G26: =SUM(Tabela1[[#This Row],[META KINDER]],Tabela1[[#This Row],[META NUT]],Tabela1[[#This Row],[META PRA]],Tabela1[[#This Row],[META PSNA]],Tabela1[[#This Row],[META TIC]],Tabela1[[#This Row],[META TABLETES]]) -> 0 | H26: =SUM(Tabela1[[#This Row],[KINDER KIDS]],Tabela1[[#This Row],[NUTELLA]],Tabela1[[#This Row],[PRALINAS]],Tabela1[[#This Row],[PSNACKS]],Tabela1[[#This Row],[TIC TAC]],Tabela1[[#This Row],[TABLETES]]) -> 63437.12 | J26: =SUMIFS(BASE!$L:$L,BASE!$M:$M,Tabela1[[#This Row],[MÊS]],BASE!$N:$N,Tabela1[[#Headers],[KINDER KIDS]]) -> 14476.9 | L26: =SUMIFS(BASE!$L:$L,BASE!$M:$M,Tabela1[[#This Row],[MÊS]],BASE!$N:$N,Tabela1[[#Headers],[NUTELLA]]) -> 4443.54 | N26: =SUMIFS(BASE!$L:$L,BASE!$M:$M,Tabela1[[#This Row],[MÊS]],BASE!$N:$N,Tabela1[[#Headers],[PRALINAS]]) -> 28642.2 | P26: =SUMIFS(BASE!$L:$L,BASE!$M:$M,Tabela1[[#This Row],[MÊS]],BASE!$N:$N,Tabela1[[#Headers],[PSNACKS]]) -> 17979.02 | R26: =SUMIFS(BASE!$L:$L,BASE!$M:$M,Tabela1[[#This Row],[MÊS]],BASE!$N:$N,Tabela1[[#Headers],[TIC TAC]]) -> -1649.66 | T26: =SUMIFS(BASE!$L:$L,BASE!$M:$M,Tabela1[[#This Row],[MÊS]],BASE!$N:$N,Tabela1[[#Headers],[TABLETES]]) -> -454.88
B27: JULHO | C27: GERAL MULLER | D27: OUTRAS EQUIPES | E27: Z - GERAL MULLER | F27: =_xlfn.XLOOKUP(Tabela1[[#This Row],[CÓD ÁREA]],Tabela6[CÓD],Tabela6[ÁREA],"-",0,1) -> - | G27: =SUM(Tabela1[[#This Row],[META KINDER]],Tabela1[[#This Row],[META NUT]],Tabela1[[#This Row],[META PRA]],Tabela1[[#This Row],[META PSNA]],Tabela1[[#This Row],[META TIC]],Tabela1[[#This Row],[META TABLETES]]) -> 0 | H27: =SUM(Tabela1[[#This Row],[KINDER KIDS]],Tabela1[[#This Row],[NUTELLA]],Tabela1[[#This Row],[PRALINAS]],Tabela1[[#This Row],[PSNACKS]],Tabela1[[#This Row],[TIC TAC]],Tabela1[[#This Row],[TABLETES]]) -> 0 | J27: =SUMIFS(BASE!$L:$L,BASE!$M:$M,Tabela1[[#This Row],[MÊS]],BASE!$N:$N,Tabela1[[#Headers],[KINDER KIDS]]) -> 0 | L27: =SUMIFS(BASE!$L:$L,BASE!$M:$M,Tabela1[[#This Row],[MÊS]],BASE!$N:$N,Tabela1[[#Headers],[NUTELLA]]) -> 0 | N27: =SUMIFS(BASE!$L:$L,BASE!$M:$M,Tabela1[[#This Row],[MÊS]],BASE!$N:$N,Tabela1[[#Headers],[PRALINAS]]) -> 0 | P27: =SUMIFS(BASE!$L:$L,BASE!$M:$M,Tabela1[[#This Row],[MÊS]],BASE!$N:$N,Tabela1[[#Headers],[PSNACKS]]) -> 0 | R27: =SUMIFS(BASE!$L:$L,BASE!$M:$M,Tabela1[[#This Row],[MÊS]],BASE!$N:$N,Tabela1[[#Headers],[TIC TAC]]) -> 0 | T27: =SUMIFS(BASE!$L:$L,BASE!$M:$M,Tabela1[[#This Row],[MÊS]],BASE!$N:$N,Tabela1[[#Headers],[TABLETES]]) -> 0
B28: AGOSTO | C28: GERAL MULLER | D28: OUTRAS EQUIPES | E28: Z - GERAL MULLER | F28: =_xlfn.XLOOKUP(Tabela1[[#This Row],[CÓD ÁREA]],Tabela6[CÓD],Tabela6[ÁREA],"-",0,1) -> - | G28: =SUM(Tabela1[[#This Row],[META KINDER]],Tabela1[[#This Row],[META NUT]],Tabela1[[#This Row],[META PRA]],Tabela1[[#This Row],[META PSNA]],Tabela1[[#This Row],[META TIC]],Tabela1[[#This Row],[META TABLETES]]) -> 0 | H28: =SUM(Tabela1[[#This Row],[KINDER KIDS]],Tabela1[[#This Row],[NUTELLA]],Tabela1[[#This Row],[PRALINAS]],Tabela1[[#This Row],[PSNACKS]],Tabela1[[#This Row],[TIC TAC]],Tabela1[[#This Row],[TABLETES]]) -> 0 | J28: =SUMIFS(BASE!$L:$L,BASE!$M:$M,Tabela1[[#This Row],[MÊS]],BASE!$N:$N,Tabela1[[#Headers],[KINDER KIDS]]) -> 0 | L28: =SUMIFS(BASE!$L:$L,BASE!$M:$M,Tabela1[[#This Row],[MÊS]],BASE!$N:$N,Tabela1[[#Headers],[NUTELLA]]) -> 0 | N28: =SUMIFS(BASE!$L:$L,BASE!$M:$M,Tabela1[[#This Row],[MÊS]],BASE!$N:$N,Tabela1[[#Headers],[PRALINAS]]) -> 0 | P28: =SUMIFS(BASE!$L:$L,BASE!$M:$M,Tabela1[[#This Row],[MÊS]],BASE!$N:$N,Tabela1[[#Headers],[PSNACKS]]) -> 0 | R28: =SUMIFS(BASE!$L:$L,BASE!$M:$M,Tabela1[[#This Row],[MÊS]],BASE!$N:$N,Tabela1[[#Headers],[TIC TAC]]) -> 0 | T28: =SUMIFS(BASE!$L:$L,BASE!$M:$M,Tabela1[[#This Row],[MÊS]],BASE!$N:$N,Tabela1[[#Headers],[TABLETES]]) -> 0
G30: META | H30: REALIZADO | I30: META | J30: REALIZADO | K30: META | L30: REALIZADO | M30: META | N30: REALIZADO | O30: META | P30: REALIZADO | Q30: META | R30: REALIZADO
F31: GAP | G31: =IF(G32-H32<1,0,G32-H32) -> 57101.25 | H31: =GETPIVOTDATA("REALIZADO TOTAL",GERAL!$B$17) -> 1858898.7 | I31: =IF(I32-J32<1,0,I32-J32) -> 0 | J31: =GETPIVOTDATA(" KINDER KIDS",GERAL!$B$17) -> 286670.33 | K31: =IF(K32-L32<1,0,K32-L32) -> 436713.03 | L31: =GETPIVOTDATA(" NUTELLA",GERAL!$B$17) -> 542930.97 | M31: =IF(M32-N32<1,0,M32-N32) -> 0 | N31: =GETPIVOTDATA(" PRALINAS",GERAL!$B$17) -> 421053.67 | O31: =IF(O32-P32<1,0,O32-P32) -> 0 | P31: =GETPIVOTDATA(" PSNACKS",GERAL!$B$17) -> 390899.52 | Q31: =IF(Q32-R32<1,0,Q32-R32) -> 0 | R31: =GETPIVOTDATA(" TIC TAC",GERAL!$B$17) -> 169888.31
G32: =GETPIVOTDATA(" META TOTAL",GERAL!$B$17) -> 1916000 | H32: =GETPIVOTDATA("REALIZADO TOTAL",GERAL!$B$17) -> 1858898.7 | I32: =GETPIVOTDATA(" META KINDER",GERAL!$B$17) -> 197780 | J32: =GETPIVOTDATA(" KINDER KIDS",GERAL!$B$17) -> 286670.33 | K32: =GETPIVOTDATA(" META NUT",GERAL!$B$17) -> 979644 | L32: =GETPIVOTDATA(" NUTELLA",GERAL!$B$17) -> 542930.97 | M32: =GETPIVOTDATA(" META PRA",GERAL!$B$17) -> 351256 | N32: =GETPIVOTDATA(" PRALINAS",GERAL!$B$17) -> 421053.67 | O32: =GETPIVOTDATA(" META PSNA",GERAL!$B$17) -> 262959 | P32: =GETPIVOTDATA(" PSNACKS",GERAL!$B$17) -> 390899.52 | Q32: =GETPIVOTDATA(" META TIC",GERAL!$B$17) -> 85720 | R32: =GETPIVOTDATA(" TIC TAC",GERAL!$B$17) -> 169888.31
E39: GERAL MULLER | F39: MÊS | G39: META TOTAL | H39: REL TOTAL | I39: META KINDER | J39: KINDER KIDS | K39: META NUT | L39: NUTELLA | M39: META PRA | N39: PRALINAS | O39: META PSNA | P39: PSNACKS | Q39: META TIC | R39: TIC TAC | S39: META TABLETES | T39: TABLETES | U39: GERAL MULLER
E40: GERAL MULLER | F40: MAIO | G40: 7800000 | H40: =SUMIF(FAT[MÊS],Tabela10[[#This Row],[MÊS]],FAT[ARRED]) -> 8311737.2 | I40: 805161 | J40: =SUMIFS(FAT[ARRED],FAT[MÊS],Tabela10[[#This Row],[MÊS]],FAT[ITENS.Familia Maestro],Tabela10[[#Headers],[KINDER KIDS]]) -> 1678438 | K40: 3988110 | L40: =SUMIFS(FAT[ARRED],FAT[MÊS],Tabela10[[#This Row],[MÊS]],FAT[ITENS.Familia Maestro],Tabela10[[#Headers],[NUTELLA]]) -> 2510164.8 | M40: 1429951 | N40: =SUMIFS(FAT[ARRED],FAT[MÊS],Tabela10[[#This Row],[MÊS]],FAT[ITENS.Familia Maestro],Tabela10[[#Headers],[PRALINAS]]) -> 1983283.8 | O40: 1070516 | P40: =SUMIFS(FAT[ARRED],FAT[MÊS],Tabela10[[#This Row],[MÊS]],FAT[ITENS.Familia Maestro],Tabela10[[#Headers],[PSNACKS]]) -> 1559465.2 | Q40: 348961 | R40: =SUMIFS(FAT[ARRED],FAT[MÊS],Tabela10[[#This Row],[MÊS]],FAT[ITENS.Familia Maestro],Tabela10[[#Headers],[TIC TAC]]) -> 446990.26 | S40: 157301 | T40: =SUMIFS(FAT[ARRED],FAT[MÊS],Tabela10[[#This Row],[MÊS]],FAT[ITENS.Familia Maestro],Tabela10[[#Headers],[TABLETES]]) -> 133395.12 | U40: GERAL MULLER
E41: GERAL MULLER | F41: JUNHO | G41: 0 | H41: =SUMIF(FAT[MÊS],Tabela10[[#This Row],[MÊS]],FAT[ARRED]) -> 63437.12 | I41: 0 | J41: =SUMIFS(FAT[ARRED],FAT[MÊS],Tabela10[[#This Row],[MÊS]],FAT[ITENS.Familia Maestro],Tabela10[[#Headers],[KINDER KIDS]]) -> 14476.9 | K41: 0 | L41: =SUMIFS(FAT[ARRED],FAT[MÊS],Tabela10[[#This Row],[MÊS]],FAT[ITENS.Familia Maestro],Tabela10[[#Headers],[NUTELLA]]) -> 4443.54 | M41: 0 | N41: =SUMIFS(FAT[ARRED],FAT[MÊS],Tabela10[[#This Row],[MÊS]],FAT[ITENS.Familia Maestro],Tabela10[[#Headers],[PRALINAS]]) -> 28642.2 | O41: 0 | P41: =SUMIFS(FAT[ARRED],FAT[MÊS],Tabela10[[#This Row],[MÊS]],FAT[ITENS.Familia Maestro],Tabela10[[#Headers],[PSNACKS]]) -> 17979.02 | Q41: 0 | R41: =SUMIFS(FAT[ARRED],FAT[MÊS],Tabela10[[#This Row],[MÊS]],FAT[ITENS.Familia Maestro],Tabela10[[#Headers],[TIC TAC]]) -> -1649.66 | S41: 0 | T41: =SUMIFS(FAT[ARRED],FAT[MÊS],Tabela10[[#This Row],[MÊS]],FAT[ITENS.Familia Maestro],Tabela10[[#Headers],[TABLETES]]) -> -454.88 | U41: GERAL MULLER
E42: GERAL MULLER | F42: JULHO | G42: 0 | H42: =SUMIF(FAT[MÊS],Tabela10[[#This Row],[MÊS]],FAT[ARRED]) -> 0 | I42: 0 | J42: =SUMIFS(FAT[ARRED],FAT[MÊS],Tabela10[[#This Row],[MÊS]],FAT[ITENS.Familia Maestro],Tabela10[[#Headers],[KINDER KIDS]]) -> 0 | K42: 0 | L42: =SUMIFS(FAT[ARRED],FAT[MÊS],Tabela10[[#This Row],[MÊS]],FAT[ITENS.Familia Maestro],Tabela10[[#Headers],[NUTELLA]]) -> 0 | M42: 0 | N42: =SUMIFS(FAT[ARRED],FAT[MÊS],Tabela10[[#This Row],[MÊS]],FAT[ITENS.Familia Maestro],Tabela10[[#Headers],[PRALINAS]]) -> 0 | O42: 0 | P42: =SUMIFS(FAT[ARRED],FAT[MÊS],Tabela10[[#This Row],[MÊS]],FAT[ITENS.Familia Maestro],Tabela10[[#Headers],[PSNACKS]]) -> 0 | Q42: 0 | R42: =SUMIFS(FAT[ARRED],FAT[MÊS],Tabela10[[#This Row],[MÊS]],FAT[ITENS.Familia Maestro],Tabela10[[#Headers],[TIC TAC]]) -> 0 | S42: 0 | T42: =SUMIFS(FAT[ARRED],FAT[MÊS],Tabela10[[#This Row],[MÊS]],FAT[ITENS.Familia Maestro],Tabela10[[#Headers],[TABLETES]]) -> 0 | U42: GERAL MULLER
E43: GERAL MULLER | F43: AGOSTO | G43: 0 | H43: =SUMIF(FAT[MÊS],Tabela10[[#This Row],[MÊS]],FAT[ARRED]) -> 0 | I43: 0 | J43: =SUMIFS(FAT[ARRED],FAT[MÊS],Tabela10[[#This Row],[MÊS]],FAT[ITENS.Familia Maestro],Tabela10[[#Headers],[KINDER KIDS]]) -> 0 | K43: 0 | L43: =SUMIFS(FAT[ARRED],FAT[MÊS],Tabela10[[#This Row],[MÊS]],FAT[ITENS.Familia Maestro],Tabela10[[#Headers],[NUTELLA]]) -> 0 | M43: 0 | N43: =SUMIFS(FAT[ARRED],FAT[MÊS],Tabela10[[#This Row],[MÊS]],FAT[ITENS.Familia Maestro],Tabela10[[#Headers],[PRALINAS]]) -> 0 | O43: 0 | P43: =SUMIFS(FAT[ARRED],FAT[MÊS],Tabela10[[#This Row],[MÊS]],FAT[ITENS.Familia Maestro],Tabela10[[#Headers],[PSNACKS]]) -> 0 | Q43: 0 | R43: =SUMIFS(FAT[ARRED],FAT[MÊS],Tabela10[[#This Row],[MÊS]],FAT[ITENS.Familia Maestro],Tabela10[[#Headers],[TIC TAC]]) -> 0 | S43: 0 | T43: =SUMIFS(FAT[ARRED],FAT[MÊS],Tabela10[[#This Row],[MÊS]],FAT[ITENS.Familia Maestro],Tabela10[[#Headers],[TABLETES]]) -> 0 | U43: GERAL MULLER

Sheet GERAL
D7: SUPERVISOR | E7: META TOTAL | F7: REALIZADO TOTAL | G7: % | H7: META KINDER | I7: KINDER KIDS | J7: % | K7: META NUT | L7: NUTELLA | M7: % | N7: META PRA | O7: PRALINAS | P7: % | Q7: META PSNA | R7: PSNACKS | S7: % | T7: META TIC | U7: TIC TAC | V7: %
D8: GERAL MULLER | E8: 7800000 | F8: 8311737.2 | G8: 1.0656073 | H8: 805161 | I8: 1678438 | J8: 2.0845992 | K8: 3988110 | L8: 2510164.8 | M8: 0.62941212 | N8: 1429951 | O8: 1983283.8 | P8: 1.3869593 | Q8: 1070516 | R8: 1559465.2 | S8: 1.4567416 | T8: 348961 | U8: 446990.26 | V8: 1.2809175
D9: TT | E9: 7800000 | F9: 8311737.2 | G9: 1.0656073 | H9: 805161 | I9: 1678438 | J9: 2.0845992 | K9: 3988110 | L9: 2510164.8 | M9: 0.62941212 | N9: 1429951 | O9: 1983283.8 | P9: 1.3869593 | Q9: 1070516 | R9: 1559465.2 | S9: 1.4567416 | T9: 348961 | U9: 446990.26 | V9: 1.2809175
D12: SUPERVISOR | E12: META TOTAL | F12: REALIZADO TOTAL | G12: % | H12: META KINDER | I12: KINDER KIDS | J12: % | K12: META NUT | L12: NUTELLA | M12: % | N12: META PRA | O12: PRALINAS | P12: % | Q12: META PSNA | R12: PSNACKS | S12: % | T12: META TIC | U12: TIC TAC | V12: %
D13: DJOW ARLISON MOSER VIEIRA | E13: 1916000 | F13: 1858898.7 | G13: 0.97019768 | H13: 197780 | I13: 286670.33 | J13: 1.4494404 | K13: 979644 | L13: 542930.97 | M13: 0.55421252 | N13: 351256 | O13: 421053.67 | P13: 1.1987088 | Q13: 262959 | R13: 390899.52 | S13: 1.4865417 | T13: 85720 | U13: 169888.31 | V13: 1.9818982
D14: TT | E14: 1916000 | F14: 1858898.7 | G14: 0.97019768 | H14: 197780 | I14: 286670.33 | J14: 1.4494404 | K14: 979644 | L14: 542930.97 | M14: 0.55421252 | N14: 351256 | O14: 421053.67 | P14: 1.1987088 | Q14: 262959 | R14: 390899.52 | S14: 1.4865417 | T14: 85720 | U14: 169888.31 | V14: 1.9818982
B17: AGV | C17: CÓD ÁREA | D17: ÁREA | E17: META TOTAL | F17: REALIZADO TOTAL | G17: % | H17: META KINDER | I17: KINDER KIDS | J17: % | K17: META NUT | L17: NUTELLA | M17: % | N17: META PRA | O17: PRALINAS | P17: % | Q17: META PSNA | R17: PSNACKS | S17: % | T17: META TIC | U17: TIC TAC | V17: %
B18: MAURO SERGIO ROVARIS JUNIOR | C18: 3984 | D18: EXE-FER-4 | E18: 380000 | F18: 180208.37 | G18: 0.47423255 | H18: 39226 | I18: 23809.52 | J18: 0.60698312 | K18: 194293 | L18: 70204.9 | M18: 0.3613352 | N18: 69665 | O18: 21264.14 | P18: 0.30523419 | Q18: 52152 | R18: 48297.14 | S18: 0.92608414 | T18: 17001 | U18: 11477.32 | V18: 0.67509676
B19: ELTON NASCIMENTO TAMIAO | C19: 3946 | D19: EXE-FER-1 | E19: 821300 | F19: 1161457.6 | G19: 1.4141697 | H19: 84778 | I19: 181281.78 | J19: 2.1383116 | K19: 419928 | L19: 310427.24 | M19: 0.7392392 | N19: 150567 | O19: 315031.27 | P19: 2.0922996 | Q19: 112719 | R19: 225058 | S19: 1.9966288 | T19: 36744 | U19: 101510.73 | V19: 2.7626478
B20: Z -ÁREA SEM VENDEDOR | C20: 3962 | D20: EXE-FER-2 | E20: 600000 | F20: 335344.74 | G20: 0.5589079 | H20: 61935 | I20: 37854.25 | J20: 0.61119319 | K20: 306778 | L20: 125313.87 | M20: 0.40848389 | N20: 109997 | O20: 62853.53 | P20: 0.57141131 | Q20: 82346 | R20: 65772.21 | S20: 0.79872987 | T20: 26843 | U20: 37390.3 | V20: 1.3929255
B21: ANDERSON ROGERIO DA SILVA | C21: 3983 | D21: EXE-FER-3 | E21: 114700 | F21: 181888.06 | G21: 1.5857721 | H21: 11841 | I21: 43724.78 | J21: 3.6926594 | K21: 58645 | L21: 36984.96 | M21: 0.63065837 | N21: 21027 | O21: 21904.73 | P21: 1.041743 | Q21: 15742 | R21: 51772.17 | S21: 3.2887924 | T21: 5132 | U21: 19509.96 | V21: 3.801629
B22: DJOW MOSER | E22: 1916000 | F22: 1858898.7 | G22: 0.97019768 | H22: 197780 | I22: 286670.33 | J22: 1.4494404 | K22: 979644 | L22: 542930.97 | M22: 0.55421252 | N22: 351256 | O22: 421053.67 | P22: 1.1987088 | Q22: 262959 | R22: 390899.52 | S22: 1.4865417 | T22: 85720 | U22: 169888.31 | V22: 1.9818982

Sheet ITENS 
A2: ---- | B2: Cód. Produto | C2: Familia Maestro | D2: Descrição - Produto | F2: ÁREA | G2: CÓD
A3: =_xlfn.XLOOKUP(Tabela5[[#This Row],[Cód. Produto]],'[1]ITENS VÁLIDOS TT'!$B:$B,'[1]ITENS VÁLIDOS TT'!$B:$B,"-",0,1) -> 115052 | B3: 115052 | C3: PRALINAS | D3: FERRERO COLLECTION 134 GR C/12 | F3: EXE-FER-1 | G3: 3946
A4: =_xlfn.XLOOKUP(Tabela5[[#This Row],[Cód. Produto]],'[1]ITENS VÁLIDOS TT'!$B:$B,'[1]ITENS VÁLIDOS TT'!$B:$B,"-",0,1) -> 107294 | B4: 107294 | C4: PRALINAS | D4: FERRERO COLLECTION 77 GR C/7 | F4: EXE-FER-2 | G4: 3962
A5: =_xlfn.XLOOKUP(Tabela5[[#This Row],[Cód. Produto]],'[1]ITENS VÁLIDOS TT'!$B:$B,'[1]ITENS VÁLIDOS TT'!$B:$B,"-",0,1) -> 120170 | B5: 120170 | C5: PSNACKS | D5: HANUTA 22 GR | F5: EXE-FER-3 | G5: 3983
A6: =_xlfn.XLOOKUP(Tabela5[[#This Row],[Cód. Produto]],'[1]ITENS VÁLIDOS TT'!$B:$B,'[1]ITENS VÁLIDOS TT'!$B:$B,"-",0,1) -> 124541 | B6: 124541 | C6: PSNACKS | D6: KINDER BUENO 117 GR WHITE | F6: EXE-FER-4 | G6: 3984
A7: =_xlfn.XLOOKUP(Tabela5[[#This Row],[Cód. Produto]],'[1]ITENS VÁLIDOS TT'!$B:$B,'[1]ITENS VÁLIDOS TT'!$B:$B,"-",0,1) -> 117848 | B7: 117848 | C7: PSNACKS | D7: KINDER BUENO 129GR | F7: EXE-FER-5 | G7: 4092
A8: =_xlfn.XLOOKUP(Tabela5[[#This Row],[Cód. Produto]],'[1]ITENS VÁLIDOS TT'!$B:$B,'[1]ITENS VÁLIDOS TT'!$B:$B,"-",0,1) -> 72449 | B8: 72449 | C8: PSNACKS | D8: KINDER BUENO 39 GR WHITE
A9: =_xlfn.XLOOKUP(Tabela5[[#This Row],[Cód. Produto]],'[1]ITENS VÁLIDOS TT'!$B:$B,'[1]ITENS VÁLIDOS TT'!$B:$B,"-",0,1) -> 106074 | B9: 106074 | C9: PSNACKS | D9: KINDER BUENO 39 GR WHITE
A10: =_xlfn.XLOOKUP(Tabela5[[#This Row],[Cód. Produto]],'[1]ITENS VÁLIDOS TT'!$B:$B,'[1]ITENS VÁLIDOS TT'!$B:$B,"-",0,1) -> 125023 | B10: 125023 | C10: PSNACKS | D10: KINDER BUENO 39 WHITE
A11: =_xlfn.XLOOKUP(Tabela5[[#This Row],[Cód. Produto]],'[1]ITENS VÁLIDOS TT'!$B:$B,'[1]ITENS VÁLIDOS TT'!$B:$B,"-",0,1) -> 7 | B11: 7 | C11: PSNACKS | D11: KINDER BUENO 43 GR
A12: =_xlfn.XLOOKUP(Tabela5[[#This Row],[Cód. Produto]],'[1]ITENS VÁLIDOS TT'!$B:$B,'[1]ITENS VÁLIDOS TT'!$B:$B,"-",0,1) -> 125266 | B12: 125266 | C12: PSNACKS | D12: KINDER BUENO 43 GR DARK EDICAO LIMITADA
A13: =_xlfn.XLOOKUP(Tabela5[[#This Row],[Cód. Produto]],'[1]ITENS VÁLIDOS TT'!$B:$B,'[1]ITENS VÁLIDOS TT'!$B:$B,"-",0,1) -> 125775 | B13: 125775 | C13: KINDER KIDS | D13: KINDER OVO 20 GR C/2 COPA
A14: =_xlfn.XLOOKUP(Tabela5[[#This Row],[Cód. Produto]],'[1]ITENS VÁLIDOS TT'!$B:$B,'[1]ITENS VÁLIDOS TT'!$B:$B,"-",0,1) -> - | B14: 118820 | C14: KINDER KIDS | D14: KINDER DELICE 39 GR *
A15: =_xlfn.XLOOKUP(Tabela5[[#This Row],[Cód. Produto]],'[1]ITENS VÁLIDOS TT'!$B:$B,'[1]ITENS VÁLIDOS TT'!$B:$B,"-",0,1) -> - | B15: 15511 | C15: KINDER KIDS | D15: KINDER JOY 20 GR **
A16: =_xlfn.XLOOKUP(Tabela5[[#This Row],[Cód. Produto]],'[1]ITENS VÁLIDOS TT'!$B:$B,'[1]ITENS VÁLIDOS TT'!$B:$B,"-",0,1) -> - | B16: 85334 | C16: KINDER KIDS | D16: KINDER JOY 20 GR **
A17: =_xlfn.XLOOKUP(Tabela5[[#This Row],[Cód. Produto]],'[1]ITENS VÁLIDOS TT'!$B:$B,'[1]ITENS VÁLIDOS TT'!$B:$B,"-",0,1) -> - | B17: 108315 | C17: KINDER KIDS | D17: KINDER JOY 20 GR C/12 *
A18: =_xlfn.XLOOKUP(Tabela5[[#This Row],[Cód. Produto]],'[1]ITENS VÁLIDOS TT'!$B:$B,'[1]ITENS VÁLIDOS TT'!$B:$B,"-",0,1) -> 118484 | B18: 118484 | C18: KINDER KIDS | D18: KINDER JOY 20 GR C/16 JURRASIC
A19: =_xlfn.XLOOKUP(Tabela5[[#This Row],[Cód. Produto]],'[1]ITENS VÁLIDOS TT'!$B:$B,'[1]ITENS VÁLIDOS TT'!$B:$B,"-",0,1) -> 74395 | B19: 74395 | C19: KINDER KIDS | D19: KINDER JOY 20 GR C/2
... A125: =_xlfn.XLOOKUP(Tabela5[[#This Row],[Cód. Produto]],'[1]ITENS VÁLIDOS TT'!$B:$B,'[1]ITENS VÁLIDOS TT'!$B:$B,"-",0,1) -> 125778 | B125: 125778 | C125: TABLETES | D125: TABL ROCHER 90 GR DARK 70 CARAMEL

Sheet PREMIAÇÃO
B2: CÓD ÁREA | C2: CÓD PESSOA | D2: CARGO | E2: NOME | F2: FATURAMENTO TOTAL | G2: KINDER KIDS | H2: PONTOS | I2: NUTELLA | J2: PONTOS | K2: PRALINAS | L2: PONTOS | M2: PSNACKS | N2: PONTOS | O2: TIC TAC | P2: PONTOS | Q2: NOTA | R2: % LOJAS | S2: PONTOS | T2: PONTOS TOTAIS
B3: 3717 | C3: 177002 | D3: SUPERVISOR | E3: DJOW ARLISON MOSER VIEIRA | F3: =SUMIF(Tabela1[SUPERVISOR],PREMIAÇÃO!E3,Tabela1[REL TOTAL]) / SUMIF(Tabela1[SUPERVISOR],PREMIAÇÃO!E3,Tabela1[META TOTAL]) -> 0.95536804 | G3: 1.9154986 | H3: =IF(G3>=100%,2000,IF(G3>=85%,1000,0)) -> 2000 | J3: =IF(I3>=100%,2000,IF(I3>=85%,1000,0)) -> 0 | K3: 1.7671949 | L3: =IF(K3>=100%,2000,IF(K3>=85%,1000,0)) -> 2000 | M3: 0.84279129 | N3: =IF(M3>=100%,2000,IF(M3>=85%,1000,0)) -> 0 | O3: 0.93295133 | P3: =IF(O3>=100%,1000,IF(O3>=85%,500,0)) -> 500 | Q3: 0.86909374 | R3: 0.97674419 | S3: =IF(AND(Q3>=80%,R3>=90%),1000,0) -> 1000 | T3: =SUM(S3,P3,N3,L3,J3,H3)/2 -> 2750 | U3: 50% DO PERÍODO DA CAMPANHA
B5: 3962 | C5: 177046 | D5: EXECUTIVO DE VENDAS | E5: EVERTON TESSAROLLI JUNIOR | F5: 1.2593348 | G5: 1.7675423 | H5: =IF(G5>=100%,1250,IF(G5>=85%,625,0)) -> 1250 | I5: 1.147004 | J5: =IF(I5>=100%,1250,IF(I5>=85%,625,0)) -> 1250 | K5: 1.831803 | L5: =IF(K5>=100%,1250,IF(K5>=85%,625,0)) -> 1250 | M5: 0.77237951 | N5: =IF(M5>=100%,1250,IF(M5>=85%,625,0)) -> 0 | O5: 0.70823461 | P5: =IF(O5>=100%,500,IF(O5>=85%,250,0)) -> 0 | Q5: 0.90714309 | R5: 0.96428571 | S5: =IF(AND(Q5>=80%,R5>=90%),500,0) -> 500 | T5: =SUM(S5,P5,N5,L5,J5,H5) -> 4250
B6: 3984 | C6: 186204 | D6: EXECUTIVO DE VENDAS | E6: MAURO SERGIO ROVARIS JUNIOR | F6: 1.0602462 | G6: 2.8635639 | H6: =IF(G6>=100%,1250,IF(G6>=85%,625,0)) -> 1250 | I6: 0.58288029 | J6: =IF(I6>=100%,1250,IF(I6>=85%,625,0)) -> 0 | K6: 1.5805959 | L6: =IF(K6>=100%,1250,IF(K6>=85%,625,0)) -> 1250 | M6: 0.92646945 | N6: =IF(M6>=100%,1250,IF(M6>=85%,625,0)) -> 625 | O6: 0.6378719 | P6: =IF(O6>=100%,500,IF(O6>=85%,250,0)) -> 0 | Q6: 0.87352876 | R6: 0.98387097 | S6: =IF(AND(Q6>=80%,R6>=90%),500,0) -> 500 | T6: =SUM(S6,P6,N6,L6,J6,H6) -> 3625
B7: 3946 | C7: 82936 | D7: EXECUTIVO DE VENDAS | E7: ELTON NASCIMENTO TAMIAO | F7: 1.0511173 | G7: 1.7654211 | H7: =IF(G7>=100%,1250,IF(G7>=85%,625,0)) -> 1250 | I7: 0.67466831 | J7: =IF(I7>=100%,1250,IF(I7>=85%,625,0)) -> 0 | K7: 1.8014723 | L7: =IF(K7>=100%,1250,IF(K7>=85%,625,0)) -> 1250 | M7: 0.87350986 | N7: =IF(M7>=100%,1250,IF(M7>=85%,625,0)) -> 625 | O7: 1.1761798 | P7: =IF(O7>=100%,500,IF(O7>=85%,250,0)) -> 500 | Q7: 0.82660935 | R7: 0.98469388 | S7: =IF(AND(Q7>=80%,R7>=90%),500,0) -> 500 | T7: =SUM(S7,P7,N7,L7,J7,H7)/2 -> 2062.5 | U7: 50% DO PERÍODO DA CAMPANHA
B9: CÓD ÁREA | C9: CÓD PESSOA | D9: CARGO | E9: NOME | F9: FATURAMENTO TOTAL | G9: KINDER KIDS | H9: PONTOS | I9: NUTELLA | J9: PONTOS | K9: PRALINAS | L9: PONTOS | M9: PSNACKS | N9: PONTOS | O9: TIC TAC | P9: PONTOS | Q9: NOTA | R9: % LOJAS | S9: PONTOS | T9: PONTOS TOTAIS
B10: 4099 | C10: 165620 | D10: GERENTE DE VENDAS | E10: PABLO MIRANDA MORAIS | F10: 1.043893 | G10: 2.4781033 | H10: =IF(G10>=100%,1000,IF(G10>=85%,500,0)) -> 1000 | I10: 0.49269661 | J10: =IF(I10>=100%,1000,IF(I10>=85%,500,0)) -> 0 | K10: 1.6393441 | L10: =IF(K10>=100%,1000,IF(K10>=85%,500,0)) -> 1000 | M10: 1.2947225 | N10: =IF(M10>=100%,1000,IF(M10>=85%,500,0)) -> 1000 | O10: 0.89517135 | P10: =IF(O10>=100%,1000,IF(O10>=85%,500,0)) -> 500 | Q10: 0.73448361 | R10: 0.83835341 | S10: =IF(AND(Q10>=80%,R10>=90%),1000,0) -> 0 | T10: =SUM(S10,P10,N10,L10,J10,H10) -> 3500
B11: 4003 | C11: 182289 | D11: CONSULTOR DE VENDAS | E11: LUIZ EDUARDO LUCIANO | F11: 1.043893 | G11: 2.4781033 | H11: =IF(G11>=100%,1000,IF(G11>=85%,500,0)) -> 1000 | I11: 0.49269661 | J11: =IF(I11>=100%,1000,IF(I11>=85%,500,0)) -> 0 | K11: 1.6393441 | L11: =IF(K11>=100%,1000,IF(K11>=85%,500,0)) -> 1000 | M11: 1.2947225 | N11: =IF(M11>=100%,1000,IF(M11>=85%,500,0)) -> 1000 | O11: 0.89517135 | P11: =IF(O11>=100%,1000,IF(O11>=85%,500,0)) -> 500 | Q11: 0.73448361 | R11: 0.83835341 | S11: =IF(AND(Q11>=80%,R11>=90%),1000,0) -> 0 | T11: =SUM(S11,P11,N11,L11,J11,H11) -> 3500
B13: CÓD ÁREA | C13: CÓD PESSOA | D13: CARGO | E13: NOME | F13: FATURAMENTO TOTAL | G13: % DEVOLUÇÃO | H13: PONTOS | I13: NOTA | J13: % LOJAS | K13: PONTOS | L13: PONTOS TOTAIS
B14: 3959 | C14: 184308 | D14: CONSULTOR MERCHANDISING | E14: MARCOS ANTONIO BEZERRA DA SILVA | F14: 1.1221574 | G14: 0.0062 | H14: =IF(G14<0.9%,1000,0) -> 1000 | I14: 0.86909374 | J14: 0.97674419 | K14: =IF(AND(I14>=80%,J14>=90%),1000,0) -> 1000 | L14: =SUM(H14,K14) -> 2000
R15: Confirmar com Vivi qual valor foi considerado em Loja perfeita para Pablo e Luiz

Sheet BASE
L2: =SUBTOTAL(9,FAT[ARRED]) -> 8375174.3
I3: PRODUTO | J3: VENDEDOR | K3: CLIENTE | L3: ARRED | M3: MÊS | N3: ITENS.Familia Maestro | O3: EQUIPE FERRERO.CÓD
E4: Data e Hora da Última Atualização | I4: 16459 | J4: 3802 | K4: 22774 | L4: 150.88 | M4: maio | N4: NUTELLA | O4: OUTRAS EQUIPES
E5: 46175.672 | I5: 16459 | J5: 3802 | K5: 22774 | L5: 75.44 | M5: maio | N5: NUTELLA | O5: OUTRAS EQUIPES
I6: 16459 | J6: 3946 | K6: 48147 | L6: 2747.61 | M6: maio | N6: NUTELLA | O6: 3946
E7: ATUALIZAÇÃO | I7: 16459 | J7: 3946 | K7: 48147 | L7: 305.29 | M7: maio | N7: NUTELLA | O7: 3946
E8: {=DATA_ATT[Data e Hora da Última Atualização]} -> 46175.672 | I8: 16459 | J8: 3943 | K8: 48097 | L8: 898.02 | M8: maio | N8: NUTELLA | O8: OUTRAS EQUIPES
I9: 16459 | J9: 3983 | K9: 48248 | L9: 1286.7 | M9: maio | N9: NUTELLA | O9: 3983
I10: 107294 | J10: 3983 | K10: 48248 | L10: 530.17 | M10: maio | N10: PRALINAS | O10: 3983
I11: 107294 | J11: 3962 | K11: 48301 | L11: 556.58 | M11: maio | N11: PRALINAS | O11: 3962
I12: 116372 | J12: 3802 | K12: 22774 | L12: 48.08 | M12: maio | N12: NUTELLA | O12: OUTRAS EQUIPES
I13: 116372 | J13: 3943 | K13: 48097 | L13: 595.4 | M13: maio | N13: NUTELLA | O13: OUTRAS EQUIPES
I14: 116372 | J14: 3946 | K14: 48147 | L14: 121.54 | M14: maio | N14: NUTELLA | O14: 3946
I15: 117485 | J15: 3802 | K15: 22774 | L15: 222.48 | M15: maio | N15: PRALINAS | O15: OUTRAS EQUIPES
I16: 120935 | J16: 3802 | K16: 22774 | L16: 28.56 | M16: maio | N16: TIC TAC | O16: OUTRAS EQUIPES
I17: 120935 | J17: 4041 | K17: 41201 | L17: 26.55 | M17: maio | N17: TIC TAC | O17: OUTRAS EQUIPES
I18: 120935 | J18: 3943 | K18: 48097 | L18: 53.02 | M18: maio | N18: TIC TAC | O18: OUTRAS EQUIPES
I19: 120935 | J19: 3946 | K19: 48147 | L19: 391.98 | M19: maio | N19: TIC TAC | O19: 3946
I20: 120935 | J20: 3968 | K20: 48293 | L20: 52.86 | M20: maio | N20: TIC TAC | O20: OUTRAS EQUIPES
... I236: 120833 | J236: 3818 | K236: 48474 | L236: 26.51 | M236: maio | N236: TIC TAC | O236: OUTRAS EQUIPES
I237: 120834 | J237: 3818 | K237: 48474 | L237: 26.51 | M237: maio | N237: TIC TAC | O237: OUTRAS EQUIPES | Q237: =SUMIFS(FAT[ARRED],FAT[EQUIPE FERRERO.CÓD],"<>OUTRAS EQUIPES",FAT[ARRED],"<=0")*-1 -> 477980.6 | R237: DEV
I238: 120935 | J238: 3818 | K238: 48474 | L238: 26.51 | M238: maio | N238: TIC TAC | O238: OUTRAS EQUIPES | Q238: 13777407 | R238: FAT
I239: 120936 | J239: 3818 | K239: 48474 | L239: 26.51 | M239: maio | N239: TIC TAC | O239: OUTRAS EQUIPES | Q239: 0.0062 | R239: %
I240: 121518 | J240: 3818 | K240: 48474 | L240: 26.51 | M240: maio | N240: TIC TAC | O240: OUTRAS EQUIPES
I241: 122731 | J241: 3818 | K241: 48474 | L241: 26.51 | M241: maio | N241: TIC TAC | O241: OUTRAS EQUIPES
I242: 7 | J242: 501 | K242: 48494 | L242: 194.4 | M242: maio | N242: PSNACKS | O242: OUTRAS EQUIPES
I243: 16459 | J243: 501 | K243: 48494 | L243: 299.34 | M243: maio | N243: NUTELLA | O243: OUTRAS EQUIPES
I244: 71189 | J244: 501 | K244: 48494 | L244: 73.26 | M244: maio | N244: PRALINAS | O244: OUTRAS EQUIPES
I245: 72449 | J245: 501 | K245: 48494 | L245: 194.44 | M245: maio | N245: PSNACKS | O245: OUTRAS EQUIPES
I246: 103732 | J246: 501 | K246: 48494 | L246: 109.5 | M246: maio | N246: PRALINAS | O246: OUTRAS EQUIPES
I247: 107294 | J247: 501 | K247: 48494 | L247: 79.65 | M247: maio | N247: PRALINAS | O247: OUTRAS EQUIPES
I248: 116372 | J248: 501 | K248: 48494 | L248: 119.08 | M248: maio | N248: NUTELLA | O248: OUTRAS EQUIPES
I249: 117766 | J249: 501 | K249: 48494 | L249: 185.66 | M249: maio | N249: KINDER KIDS | O249: OUTRAS EQUIPES
I250: 117767 | J250: 501 | K250: 48494 | L250: 185.66 | M250: maio | N250: KINDER KIDS | O250: OUTRAS EQUIPES
I251: 118038 | J251: 501 | K251: 48494 | L251: 185.68 | M251: maio | N251: KINDER KIDS | O251: OUTRAS EQUIPES
... I38880: 7 | J38880: 4052 | K38880: 192209 | L38880: -179.7 | M38880: junho | N38880: PSNACKS | O38880: OUTRAS EQUIPES
S143029: Código Cliente | T143029: Valor Total | V143029: 708213.18
S143030: 169605 | T143030: 11777.12
